{
    "drive": {
        "a": 0.7536593079566956,
        "b": 1.2168935537338257,
        "c": 4.318687915802002
    },
    "attack": {
        "a": 189.38970947265625,
        "b": 109.41651916503906
    },
    "bright": {
        "a": 957.0111083984375,
        "b": 506.1857604980469
    },
    "level": -0.0740903988480568
}