{
    "pre_gain": {
        "a": 5.36899995803833,
        "b": 1.445481777191162
    },
    "tone": {
        "bass": 0.8148995637893677,
        "mid": 0.35127222537994385,
        "treb": 0.2917957603931427
    },
    "power": {
        "master": 0.2706556022167206,
        "presence": 1.3712643384933472,
        "depth": -0.41284599900245667,
        "sag": -0.05577841028571129,
        "bias": 0.0019137475173920393
    },
    "level": -0.053794920444488525
}